Source_id,Sentence_en
1,Here is an example that identify and an error.
2,"That we were written in the law of these things which are in the curves: for this things which we believe not, when we come to faith, they of faith, not in us when we believe."
3,"Then, I will click on the break of the bread which would have put on the clance."
4,"The same is thesoped the value of each user, each value to each value, 1, we will be set by 11. Then 11."
5,"And when the second was come, he found me, he should see the voice of the seconds."
6,We store the objects in the list of the objects.
7,Child exhibits trust in you all.
8,Just mind your nature improves the nature and drawing it.
9,"To whom ye learn how they were, and took him, and need not with our brethren, and have ye cast out of the sea, and have ye have known unto them that have known unto them that have known unto you."
10,"From its water, the diet of water, the form of water, the food is collected in summers and feet."
11,They all are book.
12,Prajeasta of God.
13,"Again, go to the top layer and click on the tab to 9, then on the top of the top of the top of the top."
14,Notice the distribute and distribute options with the right side of the side of the Dribute.
15,Click on the indicators for this breakpoint.
16,We have already done that we have already seen the Borrowed Books in the Borrowed.
17,"At the end of the yoga, the first sentences, as the end of the Prasonason is called Prason."
18,Those are two creepers.
19,"Apache, MySQL and PHP obtained through XAMPP 5.5.19"
20,"Here, we can give the triangle for our preferences."
21,The command was discussed by the command.
22,1. Hirms are the absorbed and other are rich.
23,We can also add a node in the name of the course.
24,You can see that the content will be straight and let's hold the side of the people can be dark.
25,"The source of learning, finish and seconds used to create ackfold and cocks like captivity, coat and blind, manufixing etc."
26,You can also learn and pesticides and get evening elect.
27,People musters.
28,Boy displays affection in you.
29,"The susters of the oil mead me, and their disciple;"
30,I am the details of this tutorial as Journal of Journal of Journal of Microbiology.
31,"Pub-ups, Collection, title, Collection."
32,• Keep the legs straight and feet with the ground.
33,I select the Brush tool and select a small brush with Brushes. I will select the Brue and select the Brushes number of my selection.
34,Then we will learn about successUserName.
35,Plants and plants develops it is important by plants.
36,"Now all Lighteness, and sword not in the fervent, beloved, not in the weapoli, which is in the brethren, in the bondage of God."
37,The name of the tribal music is displayed in the list of the subclass. This is called expearing in the order.
38,"And the Jews therefore heard of him, that they are no man made, but that one of the Jew might, and said, Go through all the nation of all things which is to be done."
39,Workshood that the kaka gave to the ka ka or the kakor.
40,close the Basket (Order)
41,Moonly glads by leaves.
42,"Then the brave had taken the prison of his babas and war for joy, and made lotus, and war war for joy, and Darisha."
43,"With this, we come to the end of this tutorial."
44,These methods are made made definition and nested objects.
45,Purusha Sukta.
46,"So, now you must read a file, type fg. fame.txt."
47,"For this tutorial, write ontact@spoken-tutorial.org"
48,"Now, let us enter the Admin accession of Moodle page. And it shows you, if any of your choice."
49,When I return the num accounted in FrontAccounting account.
50,"And the angel of Israel, and all the beasts have preached them in Israel."
51,Welcome to Meet the GIMP.
52,Before moving a variable to make a variable of a variable.
53,We can see the jdk number of jdo number.
54,"As we can see, we can see, Course and Mathematics."
55,"Now, let us see how a project using Java IDE."
56,The brave sage of the clean.
57,We all may understand
58,"But I have only mull Name any man: for the blull Name, I will put the user button in the blind, enter into the field,"
59,Exhale and bring down to the floor.
60,"And they knew that they might be clothes in the way of the people, and besought him in the way of the gen."
61,Type theK to distinction INKSCANKS.
62,Type the upper u as well.
63,Let us start the for loop.
64,Next we will see the seven days.
65,Let us keep the hands and keeps the palms areas from the same side of the other.
66,the light of the cover of the cover of the oil.
67,"If you do not have good bandwidth, you can download and watch it."
68,Using a workor andwwwor a sewing by using a sewing position.
69,"The left hand at the top of the page, push the right arm and encour the right leg"
70,Change the image to the name of CD.
71,There is a popular number of plants.
72,The fruit is the strik.
73,"In Services window, right-click on Databases."
74,Here is an error.
75,We will be staying here.
76,"And they rain the day of the Jews to come, and bring him out of the lawful man to his works, and not as syntax of the prophets."
77,"So, goes to the displayMessage."
78,But we can add a list of now.
79,Women is decorating.
80,What is today?
81,"However, it was produced by building unspeakable in the quantity of their upper corruptible."
82,Move the left leg back to the ground to the ground and feet on the left palm on the left arm and feet.
83,Then we will buildCheck the Naze method.
84,Children learn about the gainsay.
85,"But the heart of the Lord is tab, without the holy Spirit: but the evil man is evil man."
86,Stor sewing a needle through the sewing and use it out of the sewing.
87,4. Green stem like h h h h h h h colour.
88,"I will get a smard of the card, I will go to the top."
89,"To draw a rectangle, we have created a rectangle."
90,"Jarana-janya-sharuna, has the bow."
91,"Let us summarize, we have learnt about the Subclassing and Method overriding."
92,"And this was the Now of Purusononononus, and made manifested by the nation of the world, which was made the things of the Lord of the world,"
93,"This tutorial is used by experience of the most types of stone, chanting or unique medicinal practices which are used forbage orientifications."
94,"Now, let us learn how to install software."
95,This basics can be initialized or out of blest and number.
96,Click on View Entry link.
97,Who is a son?
98,She is a friend.
99,Eg:c.c. It is a regularly or Bab.cularly 'coting.
100,they move on wall that it has to be used for making factivated and they are available for other medium.
101,"For the poor of those who have been spoken, that they might have seen the poor, and dream against him, and we have crucified him."
102,This is the following for the presence of the unjanya or the following link.
103,"And he spake and blessed them, and the truth."
104,"And he said unto them, Cuch that I went out of a great company, To it was a to his head."
105,Go to the logo.
106,Sitting Asanas - Sitting asana and head stage the head strikles and leg meaning of Pada meaning leg.
107,Sitting.
108,Krishna is a seat.
109,The fruit of the Spirit will ghel.
110,Who are the warriors?
111,Click on the right corner of the button at the bottom right.
112,Both the sides silence.
113,"And the disciples came to pass, that they went out of the sepulchre."
114,In this tutorial are there in the room.
115,Let us now add Service tax to Service. We may now need to the Service for Service.
116,We have already read about the bookmarks.
117,"Now, type dot execute. dot slash. Press Enter."
118,"In the inputor Pramin functions, we will learn about the following-Tosaur functions."
119,Then we will login as book from the Koha_idid.
120,"And a voice saying, Almath day, or the seven heads, and the voice of the beasts, and the prophets, and the Holy Ghost shall be brought unto the gospel of God, and they shall be made."
121,"But, you need to redirect a line, right angle bracket 2 double-click on a file or right angle-"
122,"Now, we can see that the name of the fields."
123,The diet of the form of the merventh is noble one of the great mercy.
124,"This is, we can send some animals to the sea, and to send."
125,It is the following technique to create a substit files named types of various variables.
126,You are Kunti.
127,What was the Sarvas of Maratha?
128,Let us see the application and run more fishes in the law.
129,"In the sub-field ‘a’ field, type: the Class number number number number number number number number number number number 51."
130,"Now, let us see some common errors which is common."
131,It is redced between the body and reduces stage.
132,How do we display any exists in an array we? How did eat a day in an array?
133,Create a circle and draw a circle with circle and circle.
134,Eror dialog box and Short dialog box.
135,Let me just come here. Now I just just just to the curve.
136,D.D.D.T.
137,We can see that the write permission of all the file that we love.
138,Ficense awareness and Lreement.
139,"We have seen how a Windows user, you used in Windows userXworks and prepare documents."
140,"Without the two block diagrams, we can see all the given out of the block."
141,We both may speak.
142,Internet Explain your home page till it be saved.
143,And now the program should live here.
144,Stretch the legs together and trunk the ground. Slowly forward to the knees.
145,This is based on your hand and the basic operations.
146,Krishna is kept in the battle.
147,I have already learnt about the Spoken Tutorial project.
148,"Spoken Tutorial project is a part of the Talk to a Teacher project,"
149,Koha Library.
150,"And the great multitude was filled with him, and heard him on heaven, and lower body and burning in heaven."
151,"Switch to your browser. Here, you should look at Moodle site."
152,You may type: juice and type freshold.
153,"And, they can also make other other Caclocks."
154,More information on this mission is available at the link shown.
155,"However, Internet Explorer should be avoided, as it causes some display inconsistencies."
156,"Type the command: percentage, type hage w plus date and press Enter."
157,We will see what the name is Men.
158,Observe that the character of the water is of the same and the living objects are animation of life can pass by the lines of life.
159,Arch the fingers point backwards.
160,"My Father is always always in his name; for all men is in him, and I say unto him, He that is in that world may be made."
161,"The lipies used for the form of hyphen oxandandandandandari, write the programs in the form of the Outies, mental write write in the religion, liquity, liquity, Outies for the form of the form of everything for the form of everything, liquities etc."
162,"And when he shall be judged, they shall get the people of the people, they shall be called the Holy Ghost, and also be foolish."
163,I think I think.
164,ENVIKARIKONTI) representation of variables and their variables.
165,We have already written the part of the first war within them.
166,a command has a uget about the GUI command as the GUI command.
167,• Keep the knees towards the knees and palms on the knees.
168,We see that we can see the Awk.txt file?
169,"And he saith unto them, Behold, this is a marvelled. And he saith unto them, Behold, I will say to this parallel to a second."
170,explain the musical instructions of learning
171,"So, I can change it to black points as black."
172,"HIVIV.BIRI; from 34, from 54, Double-3, day, 57,20, element etc."
173,"Jesus answered and said unto them, Lazarus: for my hand is, Lazarus."
174,"And he preached this parable of the course to you, that he might be added in the image, and there is nonger."
175,Let us see how to learn the law of the law should we learn how to fast.
176,"Now, click on OK and close the dialog box."
177,To know it on Spoken Tutorial project.
178,Then I select Step Over again. The value is set to 10. The value of 10 has been set.
179,Image.
180,Moday there is a day.
181,Welcome to the spoken tutorial on grep.
182,"Next, we can see the Description here and the Course Summary number of the packages."
183,And a bags.
184,"To see that, we have to play these fields on LaTeX document. This is how we use the poor patterns in LaTeX."
185,Now printf statement is used in the cout statement we use coutout. The line of cout.
186,3. Children planeties are available in the book of the book sentences in the book of the book.
187,Water-s deeply-in- different industers from sas.
188,"So, I select the error message and we can see the error."
189,"Thereininin the destroyer of the command: Fun, planets, ploleanets, glad-hole planes,"
190,This practice is a different practice if you should be 3 to 30 breath in 3 parts of 30 breath.
191,"Spoken Tutorial project is a part of the Talk to a Teacher project, supported by the National Mission on Education through ICT, MHRD, Government of India."
192,The Spoken Tutorial Project team conducts workshops using spoken tutorials.
193,"But he was a man under the Spirit, give thee the Holy Ghost, and glory on the power of the feet, against their feet, and in the way of the feet."
194,Sudhira: He has the power of creation in Marathha or greatestha.
195,"Of the right leg at the left of the two left, then slowly to the right arm."
196,The teacher swall calls the teacher.
197,There are two types of them in different ways of them.
198,"And as a certain woman having approved, and put him into his house to them into their sight."
199,"So, I have created a new name and I can see the Layer Type as Layer Type and I can see it by the Layer name of the 1 and I can get the image."
200,Satan: One who is extremely established in the Spirit.
201,int any other intensity of the intacturing of India.
202,"Now, let us add a comment here."
203,It is aimb.
204,This is a number of if it should be Helps.
205,"Be ye therefore that hear, be ye hear, that which is not given him, he that hear: but he that is not given him."
206,This is because we get more value as they have been transferred.
207,Now press Ctrl + c to fix the ctrl and I will get it demonstration.
208,Click on Selector tool.
209,I will enter there.
210,"If you have in the breath, you should be made in the ninner, you are also made in the body also •"
211,"Now, let us invoke the given number of a student contral number as a Subject."
212,Click on View option and select the Properties option.
213,We can use this tool for painting and how to use the setting tools for this tool.
214,"Total, Total and 0.00 for 0.00,000 years"
215,Use guidelines and clone for them
216,Provision 2 field is used by the PersonSa.
217,"And it came to pass, saying, What can we do this?"
218,Boy has friendship on that.
219,The Viparmyments is shown on Vosha.
220,"And he knew that he was in the city, and saith unto him, The man speak not of my covenant, I will say unto my mother, I know thee, and I will say unto my mother."
221,You can use the Ubuntu version KTouch.
222,Child has trust in these all.
223,I will select the Grace day from 15.
224,"The admonutation, and wrieth my voice, and said unto thee, Ye are of the Jews; thou also of the Jews, nor persecutions, nor persecutions of the Jews: and persecutions of their mind."
225,"Lord Krishna and Thadranga as the Lord is, who is named as the Santra."
226,This is a person to perform a meaning of physical exercises.
227,"Or those things, draw by the following statements,"
228,"But if it is nothing hid, he that is in the place of him, he should be free to see him."
229,"In the command prompt: The date, type: Tage Tage must be press Enter."
230,"Of the old time of the lawymorrow, not brakes, brakeleton, bind, brakes, good mango, marriage."
231,which the whole thing is completely formed by the sea area of the sea.
232,Who know you?
233,The next settings is Hidden for Hidden course later. This will be able to read more than one students.
234,Those are two drums.
235,The first step is General Ledger Class and General Ledger Classes.
236,"Now hath raised up the body, and follow of them that which are made me, and have not able to see my body with me."
237,But they are not deterg.
238,"Salute them in the Lord, and unto them that are in the house of the Lord Spelandle, unto them which are of the Lord Sardre; These two kings which are of them which are given unto the Lord."
239,This is a commercial to relaxation and animals in our mind.
240,The most important cigests and the result of the famous nature of the project is now having been eventated by the knowledge of Nonuentakra.
241,Thus a chinciling or not in the bin touch and its respective thinks should not get a different conditions and the body.
242,The Create database for the month of the earthquone equivalent. And the he did 5 .
243,What is the son of them in the son of them?
244,We have already opened in the folder in the emac_s.pdf editor.pdf .
245,The body is relaxed to keep the body from all the body.
246,"Fear them, said, Lord, Ast is one of our Lord."
247,"In Vedic culture, the most important ps and these these these meeta, purpose, like hyurge, gold etc."
248,Click on the folder and rotate the file in the folder.
249,Notice two and the dialog box in the GIMP.6- around the background.
250,"They get food from that food, he should have called an objectet."
251,"And when he had written the book, the people gathered together, the people gatheredd together to purify the reproas of the Jews, and gave a captain of Macedonononon."
252,These two are balrier.
253,"However, it should access to create a web application for it's time."
254,"And the chief captain commanded him to be called unto him, that thou hast received of the command: and this is not done, that thou mightest knowest me."
255,I will leave the rest of the student’s say to it.
256,The Google Cale is Hale.
257,For the time of the world sought to destroy the captivity.
258,Then click on the Koha Administration.
259,Untayakrut: One who takes about one of the worlds.
260,"All ye have not written unto you, By the covet me."
261,A new page opens up.
262,"And, Installation is the System in Linux OS 16.04 operand the system. This is the main method of the stashastra."
263,"For example, we have to: array element with a index number number should be element with a index number."
264,They samskritam houses.
265,save the image.cml file.
266,Type 4.
267,Space out of the other books with one one with the small amount.
268,It also help us to relax your own and peace in your own.
269,"It is important to note that: During the practice of Bhramari, Kramari Pranayama."
270,"All things were in the kingdom of righteousness, and made made them the good things of righteousness, which have seen the children of righteousness, which are in the kingdom of God."
271,"And when he had said unto them, Why should he said, Why dost thou?"
272,Before- enter 21.
273,Open the terminal.
274,Now let us type: Write a nanan statement or equal to print the n plus slash.
275,"It is a different conditions in different culture and not as they are not liited in different cultures, covered in different cultures and not liquid."
276,You can see a curved line of the curves.
277,You can click on the download and now have to see the file.
278,"And when they departed, behold, the angel of the city of Cana, the other cured, and sought him to be called their king of Zebedee, and of them that he had called the city of Cyrene."
279,The result is in green surface.
280,This tutorial is a simple web application by create a simple web application
281,But I can change the colour and I can do this with ‘X’ and now I can try this with a shortcut key.
282,But a particular block is not connected to a block diagram parameters.
283,"So, we will see the main method in this method."
284,I use Firefox web browser and a web browser.
285,Let us see the code for the code.
286,"1. State seeds, air, air, air, out the air, sulus, salt in our senses."
287,"And the servants of the living servant, saying, What is this man is it, O ye suffer, to give thee the ship, and whatsoever thou hast a lust of thy heart?"
288,Always understand the combination of the Padm
289,"And straightway he fell on the Bumblel's place, and he cometh up to the kingdom of God,"
290,"Now, let us try and run the code."
291,"• Millillilli’s back to the menu, Internet and Netbeans IDE."
292,"And his father was come to his name, and gave him to sin, and gave him to them to see the sin, and to see the things to them the arm."
293,And I will show you the code as you.
294,Ramaless the king of the victory.
295,"And there came to him, and that shall of those things which were in the name of man, and heard, saying, This man know how great great, thou knowest."
296,Then we will learn about set the set result.
297,The output shows the sequence in the first sequence of the command as sequence.
298,"Cow, Windows, Mingan and small amounts in small form node."
299,A food is in the sanskrit viaja or shortcuts which weapur the body of the body is extremely clean and the body.
300,Let us go to the box.
301,"And the son of a beast that they should be taken, and him, and it not maxed;"
302,Make tight fists of your palms facing the thighs.
303,"Now, we need to convert the object of the object or Stroke painting tab. We can learn to use these layers."
304,"Durayah: One who exists and go to the wore of the wants of the Lord, with a greatesty."
305,Scroll down and click on Save and display button.
306,In the Open-click on Open. You can select the Action Performed and select Action Performed.
307,"And Jesus came and walked in the disciples of the disciples, and walked with him."
308,May there is a fame in all the singer.
309,"For this cause shall be in the world of the prophets, which the prophets sent measure of the world, and the Lord of the world, and shall be raised from the dead:"
310,"And to promote the angel of the feet, Oking of the feet, the feet of you should be with the gentle of the feet, which is behind me."
311,and close the prompt to suit.
312,"Sir! What is the Earth is called the occurs, what is it does not? how it appear in the kingdom of the earth."
313,Then we increment the number of theACopies.
314,"Now, go to 310 (UBLIBUBLICATION, go to the above the same KOCBUBUBC."
315,There are rop on the wards secirles.
316,• To steal the air is to provide out of each other.
317,Let us start the line with both the fingers.
318,"And the sea shall be divided, and the less than two against their sins."
319,Lie down on the hands with legs apart.
320,Snake their leaves in the snumerable.
321,"As my limiteth me in my body, hash, and have given me."
322,Those are necks.
323,"Lie down on the abdomen of the back, one of the different breathing and respiratory processes."
324,"With this, we can see that the squares of our first hanged people had been taught in the battle."
325,We are now in the started page.
326,I will go to Sanskrit Sanskrit Sanskrit.g. I will go to the Sanskrit words.
327,Right-click on Exit menu.
328,"For a while, do, we will send a ba as a. Some ba."
329,Select the and Dribute options in the coming tutorials.
330,You will be aware that a++/bida in the output.
331,And the condition condition named as long as the condition is true. Then it will be executed. Then the for the loop.
332,We can see that two objects are added to a objects.
333,Being food to be used as weaponly because the type of food.
334,Now we have added the keyword of final variable name. We have already added.
335,"Now, I get the brush with my brush and go to the Archange. So, close the right side of the GIMP and close it to the GIMP."
336,"This command will pass the number of our command number if the number is pass, the number of x will be blank."
337,Great war remembrance all men.
338,"Now, let us type the showDetails() method as the showDetails( ). Then type void the Proid showDetails( )"
339,Click on the another file that additional changes.
340,"But when you have hand, ye shall see the hand, ye have been done to the left."
341,And the woman of the woman diny of the house is built.
342,"In the method, we have learnt about the method of the variable."
343,Suts can have to decorate the boils and other precressions.
344,"For example, we have put the center file with the center."
345,Sura: One who samsages (Panga)
346,Boys heard.
347,"And he sent him, and sought him in Galilee, which he might be sent him."
348,"And he said unto them, Take this overcome for joy: and for he is for the kingdom of God, and for this shall bear him."
349,I will type the Plisvind.s as Arlate.
350,"The geometries of the Minha Dury, It is displayed on the tinceanth central termination."
351,I will leave the Shipping costing.
352,We have now now included the CRquestion.
353,This will open the date of the time is the time for the time of the student.
354,Now we will use the format to access the number of operators.
355,You are two types of a Those.
356,"Lastly, click on CS button."
357,Click on Units drop-down drop-down list of our requirements.
358,"But when they had implicitly on your blocks, they are on them an working."
359,"He worshipped him, and saw her, saying, He was a great joy."
360,Sriors is warrior.
361,It has a great brush with many types.
362,"There are in earthquake of earth, so manys in the earth."
363,Click on the drop-down list of the drop-down list of the 5 options.
364,Select other options.
365,"The second chair of food is used in the second or the food is different, fasten and the seals, light is different value of its branches and more."
366,"If any man be defiled, where the body should be?"
367,Type 0; return 0 to 0 to 0.
368,Follow the following details of this roots.
369,"Mother takes some of babriculture to different journey, we eat the different ones that we may be done."
370,The Spoken Tutorial Project is a part of the Talk to a Teacher project.
371,Now type the terminal as shown.
372,"To optimize the tool, select Auto-limization tool from the tool bar."
373,Here is the option which help to be removed.
374,"And the Jews which was in the land of Cana, called unto the chief priests and the captivity in the church, and the Holy Ghost, and them that were in the land of the people of the people."
375,"Sneen, first mode are hanged and started overs and other objects."
376,Select Scale as it Selecting and I can pull it to the Scatio of the Scatio window.
377,Boy displays compassion in them.
378,Krishna is Darisya in the Lord.
379,As an assignment:
380,Lord the firstld the mother of Rama is the mother of his mother.
381,Yudhira is the form of his Cana.
382,"From the Categories, select Java."
383,"Sir, Sir, the pir and the star."
384,"And they will come to another. And all the woman which are called the fountains of them that they will come out of their hands, and will they possible to enter into the hands of them which are under their hands:"
385,"As we can see, the condition dot counsel is sat with the condition."
386,"So, what happens is 0 happens when ner is 0."
387,"For this tutorial, we will use:"
388,Select the Date as we want to see a Date Date as OPAC.
389,know the great meaning of Rishis (Darana) aspective.
390,Now I have image to the image.
391,Create a dialog box.
392,Boy displays humbleness in you.
393,What are you see more?
394,But can try access a static method and static methods.
395,This pranayama has regularly called Kabilvetchal Gita in the cow.
396,"Here, the other numerical data has been installed."
397,We see a image on the circle and single handlelele on square hand.
398,Now we will see the instance method of static method.
399,"For the whole experience of the uncleanness, when the raising him did eat."
400,Here you can see the Created and the Colororized the foreground Colorver and the foreground.
401,There is a diamond as it is near.
402,He is not only for the fruit.
403,The ‘Firefox page’ option will select the same drop-down and choose theBookmarks tool.
404,Here is our header files.hio.h.h is an option.
405,mixeded
406,You all will be offer.
407,And there is no less than 4 and less than 40.
408,This Miner BIda- Bengali is descending moon.
409,"And for since so, as he was a since of sin; for they did, and for the king was in the king of sin; and for he had done the king of the killed, which he had sin."
410,"But if you can see a GIMP by default, it is how it helps to show the sharpening tool."
411,Let us fix the header file i.hostream.hream
412,This is a clutter.
413,You both are bows to.
414,"Which was the disciple, and John, and Belel, and Tyius, and Melelius,"
415,"Women the day of the light, they were full of the company of the thutete, out of the day of the day of them."
416,"and, type the file name of the file named SDl , click on Save."
417,"For we have been commit together to be called Babas, but we have been committed for a babia, as weapaporney, and we have been committed forbrew."
418,Click on Calculus course on the Calculus course and then on the courses under the course on the respective course.
419,"And the voice of the earth, and said unto them, Romans, that are impossed, and the pooriently of them which are cleansed."
420,"And drag the main class, create a class named and run class."
421,Then click on Add random question button.
422,There are temple in the temple.
423,"In this tutorial, we will learn to setup the Library OPAC account on Global System."
424,"Let us see what happens, we will what is."
425,"And after that he had known unto her, and all the treasures of the Gentiles, and gave him unto the Holy Ghost, I received the Holy Ghost, and unto thee to enter into the glory of God, and I received him into Damascus."
426,1. Why is the name of Explain?
427,Yogishtam everywhere.
428,"And when they were spoken, I found no man, I just sin for sin sin: but the servants again."
429,TERMINAL QUESTIONS
430,"From the drop-down, I will select Author ."
431,We should be stay for the cows for a scourouring.
432,You also have a good ensiling with her Aquires.
433,"And when they were in the land of their eyes, they deleased not on the otherwise, and to make a masters, and make a multitude of their own eye, and to your own eye?"
434,Your assignment should write
435,"Now, we will type:"
436,The Spoken Tutorial Project team conducts workshops using spoken tutorials and gives certificates.
437,"Function call by value, call by value,"
438,"In the breathing posture or low down, low down,"
439,You can use your dust key or fact on your ease or factiches to spit their health.
440,This is because the scriptures of the scriptures is overriding.
441,The teacher recites the head.
442,"For the word of God is not, but his seed is she which is not the ps of Israel."
443,"Next, we will learn about: System.out , n plus n (n);;;;;;;;;; n = 1)"
444,"Who hath a manifestation of God, who shall he that hath concepteth us?"
445,Place the end of the needle and bringing the threadles in the end of the needle and I am selecting.
446,"And he had two left hand, that they had been brought forth, and the other side of the man's sins."
447,Child hashuts?
448,"And the Lord said, Rians, and be not made us to loss of them:"
449,Change the action to50.
450,"Therefore let us go away from feasts, that will not be able to serve them."
451,"Open the terminal by pressing CTRL, Alt and ALT keys simultaneously."
452,We both must do.
453,We are similar to the detail for our code.
454,The next field is Intic Pigorors or Scentors options.
455,The data and the 'Pre' and steal system are also also also found.
456,Bhima happens in front of the brasses.
457,The E7 operation number of the Employee ID and salary to 100.
458,"And the people took him, and walked no more innumerable."
459,"Now, enter your settings for username and password."
460,This is a Sanskrit.
461,"In different forms of theanas, the many asanas are explained in the different cultures."
462,"Supine Asanas - Supine Posture, Darararasana, Supta, Darasana, Prone, Prone, Prone, Prone Posture"
463,Please note that you will be able to get any other ways of HTML. Please download and contact us.
464,"Next, type else, next line, type: else part equal to:"
465,Those two are two girls.
466,if you want to enter a many type type in your browser.
467,Note that our file name is_inter.cpp
468,"For I am in you, and poured him, saying, To be the Son of man, To whom ye shall come to me in the mind, and to come to me."
469,We are now in the teachers dashboard.
470,"Now, I will enter the Price to 5, Bice,0008. I will leave the following fields as 48."
471,Note that a servlet is for another servlet should be as a servlet.
472,"We use this keyword is used inside this constructor, it is used for another."
473,Let me move the headings to the head hidden level and you can see this mix.
474,Monkeys will be given to All the qualities of the selfwothenticks.
475,"For I had to say unto you, That ye went to go into the midst go before them;"
476,You can open Inkscape by double-clicking on Inkscape.
477,"And thy son of thy disciplace me: for I am not as unto thee, and able to bear me witnesses."
478,What is the rate of Kalas?
479,"To do so, type the command as we do the terminal. Let us visit the output."
480,"If any man is meat, he is not able to work: but he that eateth him, he that is not able to shew him that he might believe him."
481,I put the nerky in the two krier.
482,"king gavetta to the king kingBarisha. The king of the king is called Suryami, the king of the king of Surya, the king of the oldesthandra."
483,Partrajaphutra is to read some worerin.
484,It summarizes the Spoken Tutorial project.
485,"To apply the sequence, write the code to be read the string as it is already existing program.awk the conditions in an array."
486,"He that is the For he that is in all the worldwereth, and not ash, and the law of God, and not as the world, shall be manifested, and the temple of God, and the holy,"
487,The most important of the world is not found in the enhance of the world.
488,These command works using the name and command:
489,"Then the Jews which were in the land of the house, and were in a certain country, and said unto them, Let us go into the house of the dead, and take him to see."
490,"And when he had gathered in the wilderness, he said unto them, Sabri, Lord is not the secreter."
491,"* creation-bhug: One who generates men to creation and creation, and creation etc."
492,Useful
493,Plants help to calmness and calmness to calm
494,The most commonly used by the scripture of the particular word.
495,"You can also make a plant which has their plant has their planted and has the planted on their plantar tree, shading on the hands and the abcentle to distinctive trees."
496,"else condition-exal if condition-press is true,"
497,The order is called Niga Mausha Sukta.
498,Clend the left side to the tone.
499,Why are the qualities of Rama given to Arjuna?
500,Boy displays regard on you.
501,This is because all the user has been updated.
502,We have to move() method as follows.
503,"And they were going out of the twelve years, and followed him; and he went out of the ground."
504,You all must play.
505,We see the output is again.
506,Notice a small thing insert the top right.
507,"To know this tutorial, we will learn about:"
508,"These are a commandedly present between many fields, the essentially, they have done done about:"
509,set Rs users as users
510,Use aimization of it or the original color that it has to see or more.
511,Locate and locate the instance variables of instance variables.
512,"Then answered Peter and said unto him, It is also made us to see."
513,"Depending upon the most important of everything, all the greatest is named as the most important factor, Depending upon the universe, kith and kitha, the mind may beautifulable in the mind."
514,"The lord therefore said unto him, Why do ye not not suffer the good of the Lord, how do ye not suffer ye to be free from the kingdom of God?"
515,DO A Divalvattara
516,The arrow is to move the left side or categories on the category has the menu. It has changed to the user.
517,"And he said unto them, A little children, Astood to be sent unto thee."
518,Sir and sea is not moving the air.
519,"If the correct field, let us know that the works of the odd number."
520,"This oxygen in which oxygen is found in many types and plants, externalnerganyy"
521,The following details are:
522,Imagion is the name of the four text.
523,Feel the relaxation of the dinon in dressation.
524,"To edit a subseemor, we will learn a added a subseemon pattern."
525,Sandri Krishna chantrin at the tenth of the titches.
526,I will leave 1.
527,Shrimimanna placed the chariot in the middle of the chariot.
528,"Usually, Isoprene ."
529,You two heard the story.
530,Those two are gos.
531,Go to the tool and click on Apply button.
532,"In the right hand, select Face and select Flines."
533,"Then, change the code to print the object of the transaction, as the stomp statement."
534,You can also be used to create some chunons in the blind and also.
535,Click on the Fill in the Fill section in the Fill responsibility of the text box. Notice that appears below the textbox.
536,"And now I say unto you, The same thing I have a long table. For this is a fame partandence to keep it."
537,"But when they rool are not light, there not break, and stopped to the earth, and thieves, and light where he should not be put up in heaven."
538,We have the minus c.
539,Boy displays kindness in that.
540,"For all things that ye may testify unto the high priest's conscience, for the high priest's sake."
541,"And they wounded in the city of the earth, descending out of the earth, that he striketh out of God, and wicked upon her, and wicked upon it is given to the Lamb."
542,With this practice you can raise the legs apart and releleased the arms and exhaling down at the time of the time. • The knees will increase the arms.
543,We will give any other other images to the other name of the other course as we can be directed by the name of the page.
544,"And when the four days, he had taken the villages in a village."
545,Boy displays respect in these.
546,It is good to be done before every one thing.
547,Let us now use the basic variables with a static variables.
548,Activalo- Ialal-n- Another means ‘pointed or financial-Der.
549,Close the eyes eyes and eyes can be darker of the eye-balls.
550,We have now defined a constructor with constructor.
551,Ghee helps in reduce blood and fabricultural economy.
552,"So, type: public and the showData code in the public void, type the number of the number of id as displayed and then the number of the number of the number of the number of the number of id."
553,• Sit in the middle of the practice.
554,Nonkeys will be diner.
555,"Now, let us initialize the values of the different object."
556,1. What are the new plants?
557,What is Krishna?
558,Switch to Greet dot java.
559,It is in the Vedic cultures.
560,Next we will be to create a database for FrontAccounting.
561,Note that we can see the values of xw and x not for x.e is initialized to x.
562,"For that believeth on you, and believe that he shall believe him."
563,"So, let me open it."
564,You all know.
565,I am the image and I can set the opacity slider down and the opacity slider.
566,The raatatoesis from the we can beatbear or weato.
567,Sor's 'J' should be 'J'.
568,He grieves.
569,"For we all that be an glory of you, but our carnal toward man is not as toward."
570,Let us start with the introduction to the string.
571,"You can be required to make a list of the Book or more value of it still to be checked by default, it is checked to be checked."
572,The Spoken Tutorial Project Team conducts workshops using spoken tutorials. Gives certificates to those who pass an online test.
573,This all will be known as the service.
574,Here is a program.
575,The details will be visible to the village.
576,Write the go to the house of the passed and create a passed through the gosh.
577,"And he made them, and put him him in them, and put him him on them."
578,"4. Norfood a white rababout in one place, called a great greatfood."
579,"To remove the plug and remove the application to draw ahead,"
580,"The fierced the the the the wood that the coured in Silas, and carriangle,"
581,"Here is the std namespace, the entire value of the same is declared in the te names which is declared. Let's press Enter."
582,You please see the details here.
583,O savi's abode in the company.
584,These two are kria.
585,BLocolate the air moving the two sliders under the walls.
586,"Here, we will type: Here is the file."
587,"Similarly, we can assigned to the course for the course of the page."
588,What do you do?
589,Sky is the words of the words.
590,Press the Address and get the Add button at the bottom of the page.
591,Then click on the Payment at the bottom of the window.
592,"Table is to add Table. So, I just put it to the earlier."
593,and 4 should be required to show the application.
594,Create a class as before the name.
595,There is two buttons both options.
596,We explain the files and also learnt about the layer.
597,You get a simple dSMSMSMS.
598,"Similarly, we will learn about the output of the files in the output editor, as follows."
599,"As you see, it is done that I am pulling the 50% value of the ship and I am just just."
600,Do not 5 rounds with normal breathing
601,Yama returned home.
602,You will see the value of your interface.
603,Click and once again at the star.
604,But people carried to different in the way of the people and observe an imitation.
605,Cow is a milk from cows.
606,The main function is a character.
607,"However, the d d d d d is edition."
608,This people people can see the users in all the users.
609,"After reading lesson, you will be able to:"
610,"In the Password, enter your Password in your text box."
611,This is a program that explain how it might work the project.
612,This is a think.
613,"In this tutorial, you can also learn how to use allocolate vector tools for the record and it was done using the earlier."
614,"I think it is too both I'll install 800/checking 645, 644-4-4, 'Score' and the 'SI' must beam' or 'SIK color"
615,Boy displays affection in these.
616,Stretch the legs out the ground.
617,"And they could not make a chinctual, coats, tration, trufixing, eartes and prerequently for someganins for their owner."
618,"This is the great health of the health and promotes the health of the health of the health promoteer,"
619,This will be a curved.
620,Today the rawags in which the abdominal muscles are called the same as perceit.
621,This is a bit knows.
622,Raja yoga was traced to the king of the Lord.
623,Let us start the FrontAccounting interface before all the XAMPP downloading XAMPP service.
624,"It will print the address of the array, the address of the statement."
625,You all please sit.
626,"Verily, verily, I say unto you, That ye shall have done unto them that I might believe the works of them which I am sent down, and I went down."
627,"And when he had taken him, he will cast him away, and returned him to the cast him."
628,Students knew mathematics.
629,Makha is a great science of Yogicienced Indian socius and was originated in the most important for the amas.
630,Moodle 3.3 and Firefox web browser you can use any web browser of your web browser.
631,Plants help in most important lines of the branches.
632,This is saved as your home folder in the home folder. HIfasta's saved as the file. Press Enter.
633,You may speak
634,"By making Samyama, the spring of the vigence of their mind."
635,You all must pray.
636,Depending upon the number of youare the set of nature in the divides of divides the divides of nature.
637,"I beseech you, and the fame not the fame of the brethren, that ye be the fame of the fame of the fame."
638,"Now, let us see how to execute the same program in c++ ."
639,Click on the Maintenance panel. Click on the Class for the Classes.
640,"For he is the world that is sent to be grassed: and he that believeth on him, he that shall not be: and whosoever believeth on him shall be."
641,"To record this tutorial, I am using: Ubuntu Linux OS 16.04"
642,I will enter the name as Account.
643,"In the default list of the default home page, let us place place the Folder as Fold."
644,Crying dusts from garment to fier and fierciped.
645,"To follow this tutorial, you should have knowledge of steps on the respective library."
646,"And Jesus answered and said, Whom hath a man made known it, whom he gave him to man, and gave him to implementment, and ye might see the brother, and ye took him into the man, and see the man, and ye might believe."
647,Sage was chantras.
648,"Maharah: This is the great Indian social, rishis, rishis and great excellent."
649,He walked fast the reason of the world.
650,"To avoid the process, give by 90 degies that you have seen the same by using the correct answer."
651,For the book will be finished with the book.
652,You will send a message to group and access in briefly serve a user.
653,"bones, and insects are festy, covered, rid, rid, eloquitoes, insects,Dhehe,Darar,Dhe,Dh, etc."
654,"The God is like to Living power, Living with joy, ministering."
655,This opens up the File Browser window.
656,Every miles will be overview and question for our teacher.
657,"Click on Show Layer Mask, click on Shower."
658,Stra Trataka is a focusing of the Jataka and the meditation.
659,The fruit of the garden is used in the garden.
660,You will use the terminal and
661,The FrontAccounting interface opens.
662,But follow the users for various teachers and different students who are not able to use the quizs to develop the different students.
663,"In this tutorial, we will learn about different function."
664,"The most important of plants are of different individual songs and the nature of nature of nature, the religions will be used by nature."
665,"When I hanged with you, he handle not maid thee, what males or maacle? or mirreet thee?"
666,"First, the data is at the other b."
667,Click on Edit and then on Edit menu. Then click on Preferences.
668,"Before proceeding, bring the mouse to the end of the program."
669,"I tell you, soce it was the zeral and Soli's journey and fame in the persons."
670,"Press the blue, delete a program and press Ctrl + S."
671,"And as a certain village which was there in the city, whose swine and the swim, and he was a great swine."
672,Now let us change this as I want to do.
673,"Jesus saith unto them, Why do ye not not? Be ye not thought what ye have despise you?"
674,"(Sri Rama) is a pain of the pain of the Supreme deliver, and a truth, being mured nor shine in the mind to the mind, being transce of the truth, but by the truth."
675,"Do not practice with normal breathing and relax the breathing with the abdominal muscles, exhalation and exhalation."
676,water is not used in water.
677,I will try a working with ease and Valya.
678,"Then they brought him unto him, and cast him out, and brought him unto him, and sat down to Jesus, and cast him out him out of her."
679,"For she is a pivatedly in the most importantness; that they may be full of Jesus Christ, yet yet yet with us all things: and these are full of Jesus."
680,Horks the god was manifest in the vow of the ocean.
681,"Here is an assignment for you: Add a new Year Maths under Mathematics, select the subcategory under Mathematics has been added."
682,"Inhale deeply, raise the body down and toes are the ground to raise the body on the ground."
683,Keep the back straight and gazar the whole flame.
684,It is aimber of the values.
685,Back to our terminal.
686,Let us place the mouse inside the box.
687,And Sister killed the people. Many fruit be decorance.
688,Type slash bin (in user slash user)
689,"And the certain woman said unto him, Lord, son, son thou art the son of the sevest: and saith unto him, Yea, He saith, Yea, He that thou hast this sheep."
690,Go to File and click on Save As and then I can change the extension to 'pif' and from the file.Cl-lt.
691,how many important to note are the names of them who are so four streams?
692,ii. I also also keeps skin food from .................
693,The science of different students get their links.
694,Ajaneya came from the beginning of thejamam.
695,Child exhibits trust in you.
696,"And add a simple, I will explain this add a cy."
697,Paternal grandmother chanted Krishna.
698,Fold the right leg and bring the knees and toes on the knees.
699,"And when he had taken him, he opened his eyes, healed it unto them, he was moved out of the sea,"
700,"But Jesus stood there was no more of them, and went out of them, saying, A man made this man, A paperna is the sea."
701,"This is, at the time, you can use any of the full-comy."
702,"Here, we can get book which book is a message from Checkout table from the Checkout table. Let us execute this search."
703,"The lust of the precipal of the Jews with babbathi, the other other other works of the while loops."
704,If we want to have to write multiple files in the current directory?
705,She does notless the attain.
706,She still like the most of the flowers.
707,IIDDDASHASANA
708,And the translating he is not visible.
709,Child has respect in me.
710,Click on Create a new question button at the bottom of the page.
711,Notice that the node node now appear in the numerable fields.
712,"You must have seen that situation of earth, the earth and changes changes."
713,"If we have not faithful, let us see the faith of you: that ye should be able to see, they that they should not be tempted together, and in this manner of this."
714,The most important cil is that the reproductive food is used.
715,"I will leave the hand of the country to the city, I will leave it a ger."
716,"To follow this, click on Save button at the bottom of the page."
717,"But the time of our Lord knoweth, that we might know that, that he might believe the word of God."
718,The success message shows that we want to be added.
719,"And if we were the prophets, we were glad and our fathers, the prophets of the prophets and the blood of the prophets."
720,You both both stood.
721,"As an assignment, Firefox web-brows, Text Editor, Firefox Sync and Brightly Application operators like the Vibrequently and Development Librepicheshes."
722,Notice that the HTML or the screen.jsp window on index and the index window.
723,The Spoken Tutorial Project Team conducts workshops and gives certificates.
724,3. How is the destructive of the sentence of nature.
725,"Here, I will give the value of b."
726,That is contributed by the approved in the previous discussion.
727,Compile as before.
728,"So, there are a brush which can be used to make the different pixels which is a straight line or more value."
729,Now observe the relaxation of breath or meditation.
730,"Inhale deeply, deeply asks and breathe."
731,Boy has faith in her.
732,Some of these benefits and plants are harmful for humans.
733,You can find the ‘centering’ and ‘centering’ as ‘centering’.
734,"And they brought him into the land of Chanaan and came into the kingdom of the Jews, and entreated Paul, and besought him that he might be put forth his head with the judgment seated."
735,"This rectangle is, starts with a rectangle, with the holes."
736,Boy displays affection in them.
737,"feast food after cooking, when the food is kept to eat, they could be food from cooking."
738,"In the cultures, the culture is apprequently."
739,Politah: One who is saved everything.
740,"To righteousness with life, that ye should be freely Christ Christ, but unto you."
741,Slowly raise your legs apart from the heels and toes. They are straightway out the toes.
742,"I can do the details under my access, notice that they do not."
743,Porciling wanders
744,"Sir! They must do so, I know thee. They said, They do so so."
745,Click on your adminntherits button in your adminnticatement.
746,"Now, I will declare a string of the string."
747,Now arrow the arrow of the twice.
748,"Now, let us now create a method in the main method."
749,Type: grep space minus i space i space within double quotes sinff space grepdemo.txt
750,"If not, for relevant tutorials, please visit our website."
751,Select the MMs file with the extension. Click on 30MOM.
752,II: THASHASANA
753,If we have an error will be downloaded to the Animal file.
754,"But if I heard a number of measure of the ministered unto you, Two man minister, he that hear the Holy Ghost, he hath done unto them that are baptism of the man which is given unto me."
755,"And the Jews which was in his name, he gave him all the Higormended, and the son of the book, which was the Higorne, and the son of the Higororne, and the son of the Harmon, and all the son of the resurrection."
756,"On the next page, there is suggested that File System will be a page."
757,Karna is substructed.
758,"And Paul said unto them, Timoto, I am in the Jews of mine own tribulation, I am the Jews in the Jews which is written in the Jews of the Jews: and the Jews under mine own witnesses."
759,"The lowowls brought him: and they warmed him, saying, It is not possible, that they might have stilled us, but that they might have stones, but for thee."
760,Those are rose.
761,Vibhira:Theth all the scriptures of the five elements.
762,We can do the color of the other pipch and color to the same.
763,The Course category shows the Course category.
764,Type ls space ls space -l space example1 .
765,"Notice some statue to the right hand, click on the selected icon in the canvas and select the canvas and select it."
766,• Stretch the backwards and bring the head outer.
767,"If any man doeth in the sight, let him be able to see the Lord, and unlearned, and unrighteousness, and not;"
768,"For he that liveth God from him, which hath raised him him up, that hath raised him from Christ."
769,This draw a par below this par below below this figures.
770,narg.
771,Pititit titches to use fiture a citensure and use journal fabric
772,"Polla rate and richa from the eodododods, there is a good to go and the house of the earth."
773,"And they knew that feareth from his kingdom, which sent him, saying, I will give it."
774,"After this practice, you can'll complete the image and watch it."
775,"Now, we started today later in today."
776,We can see that there is a Glass Server Server Server Server Server Server Server's which is displayed.
777,Move the details to the right of the details for the program to get the address details.
778,I have already created the colour that you have created the program that it has been created.
779,CD label is the CDownload.
780,"The Lamb of the sheep, and waxed with their own garment, and made them of the lotus, and made them that have found no pleasure in the nour of the sea."
781,Let us run the code.
782,Keep the palms on the ground.
783,Now I click on Scale and the image.
784,"If not, then select the Default option is not selected for the default."
785,And 11 and Raju as we have equal to constructor.
786,"Now, click on the next button."
787,"After studying this lesson,"
788,Boys will be stored in the water.
789,The age must be 3. The total long
790,"In this case, it is because the bows to be known as it is less."
791,"And there were seven angels in the seven country, the seven had seen the seven angels in an image."
792,I got good marks.We all got good marks.
793,"Now, we will learn to use this keywords."
794,I know book.
795,The Spoken Tutorial Project team conducts workshops and gives certificates.
796,"And when they were come out of the people, he went out of the people, and gave him to be taken into the gospel, and besought him."
797,More information on this mission is available at the following link.
798,"Do you not lawy of the lawyers, how to be a man in the lawyers, or despise, and unlearned, and to do ye not?"
799,"General menu, General Fogity and Fogires have 3 methods."
800,Please post unrelated and generate the result for them's have selected and climbed the clutter.
801,"And if they cast out, he saith unto them, Behold, he saith not, I will eat bread alone; and it is my Father."
802,Click on Save.
803,"And the man had taken away the wine, and gave them to marvel."
804,"It also needs various attributes of purpose, age, Moodle and also gives various attributes."
805,"To know the same thing, it is to create a panch of the shell."
806,1. Dushrushasana helps in deep relaxation for ..........
807,"If not, then delete the appropriate of this page."
808,I wrote a Sanskrit song yesterday.
809,Sthiti: Prone Asanas ofasana
810,Here is the ABCIV. We are now listed by numbers.
811,"If you want to get any method in this method, you can be able to get over over over all the elements of this stor."
812,"Each part of the abode to a long distinctive names, oceanand by the octor of the ocean of the oil."
813,"Now, let us enter the login in the page."
814,"Now, let us look at the URL."
815,I will make a singleground of the Consterer.
816,"Here, the first sequence of the starts the first record."
817,He worshipped in his own day.
818,Some of ancient Indian breeds.
819,"Harm gives deliver to the young ones that can over over all the people, to overwest a unrighteousness, that man can do his life."
820,"Again, click on Description drop-down box and select Capital."
821,If we don’t have empty then we display the errorMsgs have already created earlier index dot jsps.
822,Click on Save.
823,What are we print the compare of our fathers?
824,You can use the keywordd:
825,More information on this mission is available at the following link:
826,Antialiasing is antial persons for the Photosing.
827,"The page page appears,’s 5, there will not be displayed on 010."
828,"In the project window, right-click on the Samplejava."
829,Banking and Bank Account to the Banklet.
830,Boy has faith in you.
831,The sequence using the keyword will be used to use a variable.
832,"To record this tutorial, I am using: Ubuntu Linux OS 16.04 and Koha version 16.05."
833,"And when the high priest was come to the one of his disciples, he was not accused to them for the days and for the sake of the Jews, and fornication."
834,"And if the man put forth their own nour, and shall the kings of the spices, and shall be taken?"
835,Click on the Go to the Gogggged page.
836,"And as he departed and a disciple which is a great voice, and said unto them, What manner of the Lord, and I went and said unto him, What manner of the Lord, What manner of his heart?"
837,If you have not error is not installed on you. If you have been installed.
838,Then go to the tab 245 TITLE STATEMENT.
839,"But I found him, and said, Sirs; and the Lord of the Lord is to behalf: and the gospel of the Lord the Lord the gospel of the Lord know that thou hast sent me, and the holy prophets knoweth not as the holy."
840,"Whomver reignse, and the grace of the coolves of the workers in the image of you."
841,"Now, I look here here and here it is nearly black but I want to paint this image. So, I pull it down."
842,"And the lips of the beast, and brought him unto them, and blew, and bind him to burd him, and said, and his disciples of Jesus Christ."
843,Sometimes a file is not defined as a 'b' files which shows the 'b' .
844,"Press the As an selection, type the name as shown."
845,"Type the per the Correctness when you want to print the Correctness field, checkbox."
846,"Now, we will see the table."
847,Fold the left leg and the left blelelelew the left leg and joints in the left day of the day and the day of the day.
848,Scroll down and click on Save changes button.
849,It is important to note that the most of individual gains that we may be cleaned to keep the mind clean and keeps our sensory.
850,Lazarira and bandle.
851,"But I will not change anything here. So, I will not get the ten rounds."
852,"Now, suppose in the format for us."
853,People start things toless the scripture of their well.
854,Yagya-vagya: One who is the sacrifice of Yagya (Akas) for the Yagya) of Yagya) or the Lord of Yagya.
855,Click on Save. Now we will convert a simple file to a Sanskrit words. We will send a magostream.
856,Boy displays friendship on them.
857,The BEGIN section is written in awk code.
858,The page for the course for name of the course for this page appears.
859,Let us add a new block. Click on Add a block.
860,"Equititoes, Units field displays 0 to be displayed as 0.50. I will display the 0.5."
861,Sarjirh: One who has got a greatus.
862,"To add a molecule to Build menu, go to Build menu and click on Insert."
863,The Preferences window appears below the Bowai can see their Tab.
864,State for settings to start
865,Please note that two need to be done using them.
866,What are you tells?
867,Dandle down
868,Now he put the head to relax the same or hand for the head. Do not move the head.
869,"Let us summarize. In this tutorial, we learnt to the tutorial on the link."
870,If not add some error or you can add the erroric.
871,The most important for a testimony of purpose.
872,"And they took them, and fell on them, and fell as they were sea, and fell at the ground, and said, I will see the twice before the sea."
873,You will learn how to type the following links of the Entering this tutorial.
874,Here are the glimpses of Moodle site for Moodle and administrator role.
875,We get successfully have successfully run a program.
876,If the name of the student has enrolled in the same time.
877,What is flower?
878,Depending upon the traditional names which are essential to help us to perform better.
879,Afaces can can make the surfaces to make the opacity layer mask.
880,"And when they saw him, they saw Jesus the porchisn, they cured, saying, This is the way of our sins."
881,Create messages in the form of words areines.
882,Let us now start Lessedne and her password using Bella.
883,Close your eyes and fill in the air fill in the air.
884,"This URL is the URL of a screen from the spoken tutorial, from the ports and domain name."
885,This degrees to degrees.
886,Click on the folder and open the folder.
887,"But ye see that ye are forgive, and in the world are become in the world:"
888,You can access the function-decomposes pattern on the However.
889,Please note that the Library of the Lord is a screen.
890,"The one of the table will be called died by the ministered, but also of the ministered unto them."
891,"Forbbbass, not of us not by us our Lord, and our Lord Jesus Christ,"
892,"They asked him, What think ye have to stand in the land of the?"
893,Ako: One who has no planets on the Linder or the binder of all-comes it.
894,"He has originated from that greatest, karaja, bow, pure and karadhya (De) is the archery of the world, archery."
895,Arjuna has a here.
896,Let you be peace. Amen.
897,Let us now close Firefox window to search.
898,"And as they sought to him, and said unto them, Ye are of the people."
899,"Oka’s have already seen the number of the figure document, we have to see the document in the way."
900,And they have read these things which ye have talented together for the minutes of the gospel.
901,Garonkeys will wear new.
902,Earth is a day between the Earth's 565 days.
903,"The transformed by the course is assigned to it, we will see it it it is displayed on the Manager course."
904,"Rama gathered an army of Lakshmana, inches and also outside the implemented them that were shown in the form of them."
905,Food outer smoothping the body.
906,The squirrel is important as a song is important.
907,"3. rags of the main types of Nasas (Shava), Vasasas), Vajrasana) and the fel of the earth."
908,Solider it.
909,"So, I select the colour from the background colour."
910,The Spoken Tutorial Project Team:
911,"In this practice you will learn to work and feeling the breath, throughouting the practice, stressing, feeling the basically matches and feet."
912,"With this, we have come to the end of this tutorial."
913,"These are some options in other options, to get able to use the space of the stand."
914,We have successfully installed the XAMPP server with the XAMPP server.
915,Now come back to the floor.
916,"The little children of them which were given in the bareings of righteousness before them, and to sit in the same book."
917,And they all went and preached the passole. And they they all the pssover.
918,It is a foundation of the fig tree.
919,Ferspective text in the 'Pers' folder'
920,Exhale and bring the right leg away under the left nostril. This Sthiti: for the legs and enhance instrise the following the following position of the legs together as you can be done under the following steps.
921,Switch back to our terminal. Let me clear the terminal.
922,"Here is the first field for 1 that is the value of 1, The value is plus 4 by 6 which is equal to 3 slo 18."
923,Students knew mathematics.
924,"To do so, go to the top right corner of the library. Click on Login button at the top right corner."
925,"And they said unto them, Alelele come to you, and said unto them, A lamest thou that walkest in the way of you, and have in the poor, and have lust in my lust into the lust of my lust into the lusters; and them."
926,I will leave them blank boxes.
927,INTEXT QUESTIONS 8.3
928,Type # space the anglehhhhhhhash (bash) opening angle bracket).
929,"So, go to Filters >> Shar Enhance."
930,Click on the link to stop the console between the stop Stop.
931,3. Why are vishisisyam
932,The Spoken Tutorial Project is a part of the Talk to a Teacher project.
933,"So, we can see that the name of all these operators."
934,Save the file file from the file. Reeping and visit the file extension.
935,Now I want to paint the Paint and paint this painting for painting here.
936,Nayah: One who generates the universe.
937,For Jesus is the advation of God for the conscience of God.
938,You offer.
939,"For example, bBrite, bBeya."
940,"Then said Jesus unto them, We have found a fig tree in Caesare him, and for the poor, no longer days."
941,"And I saw a great earth, and the sea, and the sell, saying, Alleeping, and the whole multitude of the earth: and it was given to the sea, and it was given unto the sea, and it was the sea."
942,iv. Reproduction is of Shrimitam
943,"I can do this with the help with cropping this image with the course. So, I will show it to show it on the screen."
944,Let me switch to the terminal and then let me switch the terminal.
945,Now we will come back to the main function.
946,"These are also a bit relation and power, peace and peaceind us."
947,"And the morning is shading and the church of God, who have a long minister of the unlearnation of the church of God."
948,"Behold, he is nothing worthy to work, and not as he is good."
949,"And when he were with them all men, he went down to Jerusalem, and said unto them, To day that were with him at Jerusalem, and said unto them, I will come to go into Jerusalem."
950,The output shows the GCerererer of the output as 3.
951,It looks like a hall.
952,Note that all the file name of Cc.c (cot) will be extension.
953,Satyas-bhavat: One who is the protection of the world.
954,"So, I select Clone tool and select the Brush Tool."
955,"For the manifestation of God in the world, and in the works of the earth: and the earth hath revealed it unto the temple, that the Gentiles might be fulfilled, and hath raised up in the glory of God in the glory."
956,The grant has aids in wide on one with two hips and about 6-12 inches.
957,We see what Hello World dot it.
958,"Type the command: percentage, type hage w plus date and press Enter."
959,"The grace of the Lord hath mercy on the grace of the Lord's wife, he went out to another."
960,"Canfaces on the mountain, notice that the works is on the oil."
961,"The content on Linux has been used to see the works of Linux, on the disease of etc."
962,"In the file, in a new page, that you will enter a new user as perpend . I will name as frontacc"
963,"On this way, we have successfully a Journal of Journal that we have entered a entry."
964,Move the mouse to this image for cut.
965,"But if we walk in the new tab, but the name of the world, but the spirit that by the end of the scriptures of the world is excess."
966,Now it calls the data in the month of 2 and it.
967,"This window, on Linux, the Linux window."
968,"---Add the audio @20:20 from the tutorial Janation of the tutorial --- , FrontAccounting Bowing version 03:28 to 03:2"
969,Two women which are so have to be understood which the first three witnesses are near to the Lord.
970,"Behold, I snake the beasts, and the pair of the beasts, that I should be with you with you, and dumbleth you shall be able to enter with you."
971,"Timoting conditional, should be used in normal functioning the whole body."
972,"For we have read the law of his own heart, and in the mountains of it, that ye should be partaked to be the law of God?"
973,"Then said unto him, Thom thy son, I will my son. If I know the husbandmen, I speak my mother."
974,"So, there is only when the changes."
975,"If you want to enter a completely, type: it will be displayed in this field."
976,"In the Home page, click on Cataloging."
977,A-while loop
978,Let us learn to execute the command works of the command.
979,"To learn how to add a computer,"
980,"But the same is a smiled at the time, and every man that they may be taken, and that they may rest the earth:"
981,"If all the condition, then the last value of the condition is executed."
982,Select the MF94 Forcecece Field.
983,Jnutbhah: One who is the universe as the universe.
984,"A file is called in which the name of files, the file name of the file has been actually actually storeed by the file name of the file name of the file name and the name of the name of the file."
985,Suddásana Practice is the basic numbers of the words.
986,show geometries in coordination compounds and Madhium.
987,Ekal is the process of the odd.
988,Tarushah: One whose suges.
989,"In the case, http://Blibreoffice@gmail.com/bo:spoken-tutorial.org"
990,"Here, the field is not two blank and the b is b is 206."
991,To remove Blocks about Blocks about: Block blocks and how to add blocks.
992,"separate their necks benefits,"
993,"And there are Moses in the glory of Jesus Christ, and glory, and the great tabernacles, and that the Lord had seen of the temple,"
994,"Inhale deeply, breathing should be cleanly in the arms."
995,"I disable it was a lidens of the false prophets, which is in the same thing that I came to be with him, and that he might take me out of Jesus."
996,I Davina Praka is Ganesha or Hlorkutra.
997,"And he said unto them, What is a sign? And he said unto them, What is a great stone stone? Search, and came out of a great company of a cities."
998,"So, I pull this tool up to the tool here and it is here."
999,"C edit a course, tip, Relaxes or delete a settings which delete them."
1000,Bend the body rest of the eye and all the eyes are trunked to relaxed the whole body.
